email_id,sender_email,sender_name,email_text
1,asanchez@example.com,Angela Sanchez,"Hi Team,

I hope you’re all doing well. I’m writing to bring up a couple of questions about the upcoming open‑enrollment cycle for our health & dental plans. Specifically, I’ve noticed that several employees are experiencing delays when trying to update their coverage tiers—especially those who switched from a part‑time contract to full‑time status last month. I’d appreciate it if we could confirm whether the system is properly reflecting their new eligibility windows and ensure all required documentation has been uploaded on the portal.

Could you please look into this at your earliest convenience? If there are any changes needed on my end or additional forms that need to be submitted, let me know so I can get them processed before the deadline. Thanks in advance for your help!

Best regards,
Angela"
2,mirandajoel@example.com,Miranda Joël,"Hi Team,

I hope this message finds you well. I wanted to bring to your attention that a new employee, Sarah Patel, will be joining us on August 15th and has requested clarification regarding her health insurance coverage options. She would like to confirm whether the standard plan includes dental and vision benefits, as well as the out-of-pocket limits for specialist visits.

Could you please provide the updated policy documents or direct me to where I can locate the specific details? Additionally, if there are any forms that need to be completed prior to her start date, kindly send them over at your earliest convenience. Thank you!"
3,fwalton@example.com,Floyd Walton,"Hi Team,

I hope you’re all doing well. I wanted to bring up a few updates regarding our employee health plan that were approved by HR last week, and discuss how these changes might affect our current benefit enrollment process. The new policy now includes an expanded network of specialists for mental health services and adds a $500 out‑of‑pocket ceiling on prescription drugs. I’ve attached the revised summary sheet so you can review the key dates and coverage limits. Please let me know if you foresee any issues with updating our existing plan documents or if there’s additional information that would help us keep the enrollment timeline on track.

Also, as we roll out the new policy, could someone confirm whether the benefits portal will automatically adjust the employee “high‑dose” tier for those receiving a prescription refill? I’m seeing some user queries about potential double‑billing and would appreciate any guidance or clarification you can provide. Thank you for your help, and feel free to ping me with questions or additional data needed.

Best regards,
Floyd Walton"
4,broberson@example.org,Harry Melton,"Subject: Follow‑up on 401(k) Contribution Matching Update  

Hi everyone,

I wanted to touch base regarding the recent changes to our 401(k) contribution matching policy that were rolled out last week. After reviewing the plan documents and confirming with HR, it appears that eligible employees who contribute at least 4 % of their salary will now see a 100 % match up to 5 %—a small but meaningful increase from the previous 50 % match on up to 3 %. Please update your spreadsheets accordingly and let me know if you anticipate any issues with payroll processing or employee communications.  

Thanks for your assistance on this matter. I’ll circulate a revised FAQ soon, but in the meantime feel free to reach out if you have questions about eligibility thresholds, vesting schedules, or how this applies to part‑time workers. Appreciate your prompt attention—look forward to hearing from you all!"
5,christinemiller@example.net,Rebecca Reyes,"Hi Benefits Team,

I hope you’re doing well. I’ve been reviewing the updated health insurance plan options that were sent out last week and wanted to clarify a few details before we finalize the enrollment process. Specifically, I’m looking at the coverage limits for outpatient services and the network of providers in my region—there are some smaller clinics that I rely on, and I’d like to confirm they’re included under the Preferred Provider Network. Additionally, could you let me know if there’s a waiting period for the maternity benefits? I want to make sure we’re aligned with policy timelines.

Could you also provide an update on whether dental and vision coverage are being rolled into this plan or will remain separate? It would be helpful to have a quick summary of the cost sharing (deductibles, co‑pays) so I can inform my department’s budget projections. Thanks in advance for your help—looking forward to hearing back soon.

Thanks,
Rebecca"
6,holmesrobin@example.com,Jeffrey Jones,"Hi Benefits Team,

I hope you’re doing well. I’m writing to let you know that I’ve recently received my new pay stub and noticed that my Health Savings Account (HSA) contribution amount appears slightly off from what was listed in the enrollment portal. According to the portal, it should be $250 per month for 2024, but the stub shows a $225 deduction instead. Could you please double‑check the payroll records and confirm whether there’s been an adjustment or if I need to update my election form?  

If anything is missing on my end, let me know what documents or steps are required to get it corrected before the next cycle begins. I appreciate your help in ensuring my benefits remain accurate for the year. Thank you!"
7,zacharypennington@example.net,Zachary Pennington,"Subject: Request for Clarification on Health Plan Options

Hi Benefits Team,

I hope you’re doing well. I am writing to ask for clarification regarding the health insurance coverage options for employees who have recently relocated to a different state. A few team members, including myself, have questions about how their in‑state benefits will be handled and what documentation is required to avoid any gaps in coverage. Could you please send us an overview of the key differences between the in‑state and out‑of‑state plans, along with any relevant deadlines for submitting relocation paperwork?

Additionally, I’d appreciate it if you could confirm whether our group plan allows for telehealth visits to be counted as primary care appointments in the upcoming year. If there are any changes coming up next quarter that we should be aware of, please let us know at your earliest convenience. Thank you for your help!"
8,amandajohnson@example.com,Amanda Johnson,"Hi Team,

I hope you’re doing well. I’m writing to confirm that my spouse’s name was entered incorrectly in the recent update form—please change it from “Jane Doe” to “Jane Smith.” Also, could you let me know if there are any additional documents required for this correction? I’d appreciate a quick confirmation so I can keep everything up-to-date on my end.

On another note, I’m reviewing the upcoming open enrollment window next month and wanted to clarify the coverage options for dental plans. Specifically, does the new plan include orthodontic care for adults, or is that considered an out‑of‑pocket service? If there’s a summary sheet or FAQ link you could share, it would help me make an informed decision. Thank you so much for your assistance!"
9,bergbecky@example.net,Candace Barnes,"Hi Benefits Team,

I hope you’re doing well this week. I’m writing to inquire about the upcoming open enrollment period that was announced on our intranet last month. I’ve reviewed my current plan and want to confirm whether the new dental coverage will be effective from July 1st or if there’s a grace period for those of us who are still using the old provider list. Also, could you let me know what documentation is required to add a spouse under the health plan? I’m hoping to get this sorted before the next payroll cycle.

If possible, could we schedule a brief call early next week to walk through the eligibility criteria for the new vision benefits and any cost‑sharing changes for dependents? Let me know your availability or if you prefer to handle it via email. Thank you very much for your assistance—looking forward to getting everything in order."
10,katie.jones@example.org,Katie Jones,"Hi Team,

I hope you’re all doing well. I’m writing to confirm the upcoming changes to our health‑insurance plan that will take effect on July 1st. Please review the attached summary of premium adjustments, coverage limits, and provider network updates, and let me know if there are any outstanding questions from last week’s Q&A session. We’ll need to circulate the revised enrollment forms by Friday so employees can complete their selections before the deadline.

Thanks for your prompt attention to this matter; feel free to reach out with any concerns or additional information you’d like included in the final memo.  

Best regards,  
Katie Jones"
11,cody60@example.net,Sara Higgins,"Hi Benefits Team,

I hope you’re all doing well. I’m writing to confirm that my 401(k) election for this year is still in effect and to ask if there are any additional documents or forms needed from me at this time. Please let me know if the payroll system has captured my new contribution level of $3,000 and whether you’ll need a copy of my recent pay stub for verification.

Thanks for your help with this. I appreciate your prompt attention and look forward to hearing back about any next steps or additional information required."
12,sheilapace@example.com,S. Pace,"Subject: Clarification on Health Plan Options for Q3 Enrollment

Hi Team,

I hope you’re all doing well. I’m writing to clarify the upcoming enrollment window for the Q3 benefits period, which will open next Monday (July 9). Please note that we are offering three primary health plan choices this year: a PPO with $20 deductible, an HDHP with $2,000 out‑of‑pocket maximum and a flexible spending account of $1,500. I’ve attached the summary sheet in the link below for your reference: https://benefits.example.com/q3-options

Additionally, we’re making some adjustments to the dependent coverage. For employees who have children under 26, we are providing a 100% coverage of vision and dental benefits at no additional cost. If you receive any questions or need further assistance regarding plan selection or eligibility queries, feel free to drop me an email or call my line (555‑123‑4567). I’m happy to help you make the best choice for your family.

Regards,

S. Pace

Benefits Coordinator"
13,jamie32@example.com,Thomas Savage,"Subject: Upcoming Benefits Enrollment Period – Please Review

Dear Benefits Team,

I hope this message finds you well. As we approach the start of the new benefits enrollment period in early March, I wanted to remind everyone that all employee information must be updated and verified by the end of next week. Please ensure that each department head has confirmed their staff’s eligibility status and forwarded any outstanding documents (e.g., dependent birth certificates or adoption papers) to HR. If you encounter any discrepancies—such as duplicate entries or missing signatures—please flag them immediately so we can resolve before the enrollment window closes.

Additionally, I’ve attached a quick checklist for the upcoming Open Enrollment: 1) Verify the current health plan selections; 2) Confirm retirement plan contributions are on track; and 3) Reassure that all employees have received their benefits summary emails. If you need any assistance or have questions about the new telemedicine coverage options, feel free to reach out by Thursday noon. Thank you for your continued diligence in keeping our benefits process smooth and compliant.

Best regards,

Thomas Savage"
14,nnguyen@example.com,Deborah Spencer,"Hi Benefits Team,

I hope you’re doing well. I wanted to bring to your attention a couple of changes that have come up regarding our current health plan enrollment for next quarter. The new plan provider will require us to update the eligibility verification process, and we need to ensure all employees are notified of the new deadline (June 15). Please let me know what additional documentation you may need from HR so I can coordinate.

Thanks in advance for your assistance. Let me know if there’s anything else that needs clarification or further action on my side."
15,leahyoung@example.net,Pamela Henry,"Subject: Important Update – Your Health & Dental Benefits for FY2026  

Dear Team,

I hope you’re all doing well as we head into the final quarter of the year. I’m writing to let you know that the new health insurance plan we’ve been discussing will officially take effect on **October 1st, 2026**. The new provider, HealthFirst Partners, offers a broader network of specialists and an additional $2,000 annual deductible for out‑of‑pocket costs (subject to your chosen coverage level). Please review the attached summary sheet that breaks down the plan tiers—Gold, Silver, and Bronze—and the associated premiums. I’ve also included a quick FAQ section addressing common questions about in‑network vs. out‑of‑network coverage, telemedicine options, and how to add dependents.

If you haven’t already done so, please complete the enrollment questionnaire by **September 15th**; this will allow us to process your selections before the new plan starts. For those of you who need a brief refresher on how to submit a claim or track an existing one (especially for dental and vision), our benefits portal has step‑by‑step videos available under “Claim Management.” If you encounter any issues, feel free to reach out to me directly at leahyoung@example.net or call the helpdesk at 555‑123‑4567. Thank you for your attention to this matter, and please let me know if anything needs clarification.

Best regards,

Pamela Henry  
Benefits Coordinator"
