Timestamp,Full name,Date of Birth,Gender,Occupation,Home address,Email address,Phone number,Emergency Contact,Marital Status,"GP's name, address and telephone number",Consent to contact your medical doctor,Height,Weight,List 2-3 specific goals you wish to achieve,What do you believe is holding you back from reaching them?,"In one paragraph, describe your typical daily routine including wake-up/bed times, work hours and leisure eg.,  ""I wake at 6 AM, have coffee immediately, and start work by 8 AM. I usually skip breakfast but have a large lunch at my desk at 1 PM. I feel a huge energy crash at 3 PM. I finish work at 6 PM, eat dinner around 8 PM while watching TV, and go to bed at 11 PM.""",Do you currently follow a special diet or nutrition programme? Check all that apply,Do you have any allergies or intolerances?,"Do you avoid/dislike any particular foods? If yes, please explain","Where do you purchase your groceries? Supermarket, farmers market, online etc","How do you manage your food shopping? (e.g., one large weekly shop, small daily trips, or online delivery)",How often do you have take-away meals?,"Do you cook? If yes, please specify how often and for how many people",Do you enjoy cooking? Or you do it out of necessity?,Who is primarily responsible for the food shopping and meal preparation in your household?  ,Do you read food labels?,Favourite meal/snack,"Do you get food cravings? If yes, please specify","On average, how many milliliters (ml) or liters (L) of plain water do you drink per day?  ",Would you describe yourself as: ,Current exercise routine,Please specify the frequency and lenght of these activities per week.,Average hours of sleep per night?,"  How would you rate the quality of your sleep on a scale of 1–10 (1 = poor/restless, 10 = deeply restorative)?  ","Rate your current stress level (1 = Low, 10 = High).","What is your average intake of alcohol? Please specify type of alcohol, measure and frequency",Do you smoke or vape?,"If you answered 'Yes' to any of the above, please specify how often and how many cigarettes/vapes per day",Do you drink:,"If you answered 'Yes' to any of the above, please specify which drink(s), how many days per week, and the average number of cups/glasses consumed per day ","How many hours on average do you spend driving, watching TV or using computer, scrolling through phone, reading/knitting/sewing/drawing?",Energy/Adrenal [Afternoon Slumps],Energy/Adrenal [''Tired but wired'' at night],Energy/Adrenal [Salt Cravings],Energy/Adrenal [Reliance on Caffeine],Nervous System [Anxiety],Nervous System [Low mood],Nervous System [Poor memory/focus],Nervous System [Irritability],Immune/Skin [Frequent Colds],Immune/Skin [Slow wound healing],Immune/Skin [Eczeme],Immune/Skin [Acne],Immune/Skin [Hay fever],Immune/Skin [Rashes],Hormonal (Female health) - if not applicable please rate as 0 [PMS],Hormonal (Female health) - if not applicable please rate as 0 [Heavy/Painful periods],Hormonal (Female health) - if not applicable please rate as 0 [Night Sweats],Hormonal (Female health) - if not applicable please rate as 0 [Breast tenderness],Musculoskeletal [Joint pain],Musculoskeletal [Muscle cramps],Musculoskeletal [Stiffeness],Musculoskeletal [Restless legs],Gastrointestinal [Bloating],Gastrointestinal [Gas],Gastrointestinal [Constipation],Gastrointestinal [Diarrhea],Gastrointestinal [Heartburn],Gastrointestinal [Undigested food in stool],"Are you currently taking any prescribed medications? (e.g., statins, levothyroxine, contraceptives, antidepressants)  "," Do you regularly use over-the-counter medications? (e.g., ibuprofen/NSAIDs, antacids, antihistamines)  ","Please list all vitamins, minerals, herbs, or protein powders you are currently taking (including brand and dosage if known) ","Have you been diagnosed with any chronic medical conditions? (e.g., Type 2 Diabetes, Hypertension, PCOS, Celiac Disease) ","Have you had any surgeries or hospitalizations? (Specifically note gallbladder removal, gastric bypass, or appendix removal, as these significantly impact digestion) ","Have you had any blood tests in the last 6 months? Iron/Ferritin,Vitamin D, B12/Folate, Thyroid (TSH)"," Is there a history of the following in your immediate family (parents/siblings)  -  Diabetes (Type 1 or 2),Cardiovascular Disease / Heart Attacks, Autoimmune conditions (e.g., Rheumatoid Arthritis, Hashimoto's), Digestive disorders (e.g., Crohn’s, Ulcerative Colitis)","Female only
Are you, or could you, be pregnant?","Male only 
Have you experienced any prostate problems?","Client declaration
''I understand and agree that the services provided are only for general health advice and well-being. They are not medical diagnosis, treatment, or prescribing medicine for any disease.''
Please write your full name and date",Please use this space to add anything else you wish to share with me that you think might be usefull
1/23/2026 12:24:40,Elvis,6/15/1993,Male,Office admin,nope,nope,nope,nope,nope,nope,No,183,83,"1.
2.
3.
",nothing,random,"Vegan, Option 6",Monika,Cat food,Anyone that sells,Let monika decide,Im not allowed,"Monika cooks, I chop","Sometimes, when monika is not in the kitchen",Big SISTER,"Not for fun, no",Noodles,"NEVER, if im not reminded i could by accidednt die of starvation",2L,Moderately active,"Strength/Resistance: Weightlifting, bodyweight exercises, resistance bands.","3 gym, 2 devilry service days",7.5,7/8,10. Monika's fault,"infrequent, varied, to 3-5 times a month",Vape,3 vapes a week,Caffeine,coffee & tea,A LOT!!!!!!,0,1,1,2,0,0,0,0,0,0,0,0,0,"0, 4",0,0,0,0,0,0,4,0,0,2,0,0,0,0,NOPE,NOPE,"D, B12",NOPE,NOPE,NOPE,NOPE,YES,NOPE,eb,gOOD lUCK
1/25/2026 13:23:34,Alysson Lea,3/11/1983,Female ,Administrator,"12 Fifth Avenue, Blackpool, FY4 2ES ",alysson_lea@hotmail.com,07854952045,Ellie Lea (mum) 07710 267270,Single ,"Stony hill Medical Practice, 01253 201365",No,5 ft 6 ,10 stone 4,"Healthier eating, address bad eating habits (snacking late at night), cooking more fresh healthy meals ",Laziness and bad eating habits ,"Wake up around 6.30 have a coffee with something sweet like a chocolate biscuit or small cake, actimel with collagen, start work at 8 most days, have a banana late morning, exercise on my lunch breaks (usually a 45 min barre class online), sometimes have lunch e.g. bagel with quorn chicken, mayo and salad and crisps. Finish work at 5pm sort my son out at afterschool activities and then make his dinner. I might have some of what I’ve cooked for eric but we rarely eat together. Around 7pm I will make myself something quick and easy something from the freezer but then get hungry again later at night- which is my bad habit. Then I might make myself something like a quorn nugget wrap with crisps and sweets! Usually go to bed around 11pm",Vegetarian,No ,Not really ,Ocado online ,One large weekly shop delivered ,Once a week ,I cook for eric when I have him 4 nights a week but rarely will cook from fresh for myself ,No- I see it as a nuisance and avoid cooking from fresh as much as possible ,Me ,Never! ,Pizza/Pasta,Sugar- sweets ,Max 1 liter a day ,Moderately active,"Strength/Resistance: Weightlifting, bodyweight exercises, resistance bands., Flexibility/Mobility: Yoga, Pilates, stretching routines.",4/5 hrs ,6-7,4,6/7,1 bottle of wine every 2/3 weeks ,Vape,A lot of vapes when I’m at home- another habit I need to address ,Caffeine,One coffee a day ,8 hours a day for work or scrolling!!! ,1,0,0,1,2,2,2,2,0,0,0,0,0,0,1,0,1,0,0,0,1,0,1,1,0,1,1,0,Mirtazapine for anxiety and HRT ,No ,B12 and vitamin D ,No ,No,Yes full blood tests ,No,No,No,Alysson Lea 25 Jan 2026,
2/16/2026 9:27:12,Steve Coles,4/26/1968,Male,Insurance Conbsultant,"12 Riding Close, Astley, Manchester M29 7RG",colesy68@icloud.com,07956465233,,Divorced,"Dr Sivakumar & Dr Gude, 1 Coldahurst Lane, Astley, Tyldesley, M29 7BS",Yes,"5' 9""",13st,"lose 3/4 stone in 3 months, lower cholestorol a little (keep cholestrol low)",Not sure,"wake up 7 to 8 in the morning, turn computer on by 9am, have a light breakfast early to mid morning, go for a walk most lunchtimes (upto 5.3 miles) have lunch, finish work have eveninig meal (time can vary) watch a bit of TV or read a book go to bed (time can vary)",,No,Not really,Supermarket,small daily trips / larger weekly shop,,,more necessity than pleasure,joint,sometimes,steak,sometimes if i have no carbs,very little,Active,"Cardiovascular: Running, cycling, swimming, brisk walking., Strength/Resistance: Weightlifting, bodyweight exercises, resistance bands.","waslking most days, light weights 4 times a week",6 - 7.5,,3,lager. wine ... not sure of amounts 4 times aweek,No,,Caffeine,Tea 2 cips a day,8 hrs,0,0,0,0,0,1,3,2,0,0,0,0,0,1,,,,,0,0,2,0,3,3,1,1,0,0,No,No,Omega 3 fish oil & cod liver oil and fish oil - well pharmacuticals ,,No,No,Rheumatoid arthritis,,yes,Steve Coles - 16/2/26,
2/16/2026 19:28:54,Lina Zmuidinaite,3/2/1994,female,day trader,"Svirbygalos gatve 15D-11, Kaunas, Lithuania 46280",linnute02@gmail.com,+37063159571,Raminta +37060075780,single,n/a,Yes,168cm,60kg,"my goal is to increase muscle mass and reduce some fat (tone up) within 3-5 months
eat healthier and more balanced options.
reduce dairy and eggs in my diet","lack of discipline
lack of creativity while making meals","(this will differ from the seasons as in summer I'm more active)
currently I wake up around 8:30-9am, i have coffee and breakfast by 10:30am, read the book for 30 min, go to the gym, preparing lunch for around 3pm, starting work around 4:15pm finish between 6-9pm (depends each day), after work I usually go to eat something and then watch TV a little. I go to bed around 11-12pm.",Vegetarian,n/a,not really to be honest. I don't like spicy food/curry.,"supermarkets, I sometimes get eggs and curd cheese from the farmers.","I usually shop twice a week, but i will pop in a shop if I need anything.",let's say once a week,"i cook, just for me. most of the times I only make one or two portions per cooking.","I rarely enjoy cooking, hence my meals are very basic.",myself.,"yes, if I'm not sure it's vegetarian. also I read the labels sometimes to understand how much sugar it has or how much protein. I'm not so bothered about carbs.",avocado toast :D I love pasta dishes too,"yes, I get cravings for sweets before my period",around 1L,Moderately active,"Cardiovascular: Running, cycling, swimming, brisk walking., Strength/Resistance: Weightlifting, bodyweight exercises, resistance bands., Flexibility/Mobility: Yoga, Pilates, stretching routines.","5-7hours of walking a week
1hour of fly yoga
3h strength training",8,8,5-6,a glass of wine every 3-6 months.,No,,Caffeine,cup of coffee once a day,"1-2h watching TV, around 4 hours on laptop, 2hours of scrolling, 15-30min reading. I do knitting sometimes 1h per day if I have a project.",1,2,1,1,1,2,3,1,0,1,0,2,0,0,1,1,0,1,0,0,0,0,2,2,1,1,0,1,none,very rarely,none,no,no,due to have one tomorrow,no,no,,Lina Zmuidinaite 16/02/2026,